Product;Agent;SaleDate;ProductCount
Попрыгунчик для кошечек 2604;КазаньТекстиль;2010.06.27;7
Попрыгунчик для собачек 5754;Компания ФинансСервис;2016.02.17;18
Попрыгунчик для собачек 4485;РемГаражЛифт;2012.11.07;9
Попрыгун 6412;Радио;2019.06.01;5
Попрыгунчик детский красный 3839;Орион;2014.06.11;228
Попрыгунчик детский красный 1289;РемСантехОмскБанк;2012.08.12;12
Попрыгунчик детский красный 1740;Газ;2012.09.26;16
Попрыгунчик детский розовый 1657;РемГаражЛифт;2018.02.28;3
Попрыгунчик детский желтый 6678;CибБашкирТекстиль;2018.09.15;6
Попрыгунчик детский желтый 6051;Компания МясДизайнДизайн;2011.08.27;10
Попрыгунчик детский красный 1972;Компания Гараж;2011.08.19;2
Попрыгунчик детский розовый 6346;РемГаражЛифт;2015.02.02;20
Попрыгунчик для собачек 4529;Креп;2011.07.01;14
Попрыгунчик детский 1916;ЮпитерЛенГараж-М;2013.12.23;8
Попрыгунчик для кошечек 2604;Тех;2017.11.11;10
Попрыгунчик для собачек 4485;МетизТехАвтоПроф;2014.04.15;14
Попрыгунчик для собачек 4485;ГазДизайнЖелДор;2018.06.22;6
Попрыгунчик детский желтый 2582;Рем;2013.07.11;12
Попрыгунчик детский розовый 1657;МясТрансМоторЛизинг;2016.08.13;7
Попрыгунчик детский 1916;Газ;2014.07.28;8
Попрыгунчик для собачек 4387;СтройГорНефть;2010.04.15;7
Попрыгунчик для собачек 4387;КазХоз;2017.10.12;8
Шар 4124;ТекстильУралАвтоОпт;2012.09.02;13
Попрыгунчик детский розовый 1657;КазЮпитерТомск;2015.08.08;14
Попрыгунчик для собачек 4381;Компания СервисРадиоГор;2012.05.25;15
Попрыгунчик детский красный 5400;ЭлектроМоторТрансСнос;2014.03.06;12
Попрыгунчик детский красный 3240;РемСантехОмскБанк;2016.05.18;6
Попрыгунчик детский розовый 2694;Компания КрепЦемент;2014.07.11;10
Попрыгунчик детский розовый 6346;Компания Хмель;2016.08.18;8
Попрыгунчик для мальчиков 3929;Компания СервисРадиоГор;2019.07.25;19
Попрыгунчик детский 6029;ВодГараж;2019.03.17;6
Попрыгунчик для кошечек 3741;Строй;2014.08.06;9
Попрыгунчик для девочек 6849;Компания СервисРадиоГор;2011.09.12;18
Попрыгунчик для собачек 4387;Монтаж;2011.08.28;11
Попрыгун 2299;Компания Хмель;2015.12.25;4
Попрыгунчик детский красный 1289;МясТрансМоторЛизинг;2016.02.25;8
Попрыгунчик детский розовый 5376;CибПивОмскСнаб;2017.06.07;1
Шар 4124;CибБашкирТекстиль;2016.11.27;6
Попрыгунчик детский красный 6591;Тех;2012.03.12;18
Попрыгунчик для мальчиков 5389;Цемент;2018.06.13;18
Попрыгунчик для собачек 3500;ЭлектроМоторТрансСнос;2017.11.05;2
Шар 4124;Компания ТелекомХмельГаражПром;2016.02.26;1
Попрыгунчик для девочек 3389;КазаньТекстиль;2010.06.20;8
Попрыгунчик детский желтый 1371;Тех;2015.06.23;12
Попрыгунчик для собачек 4387;Компания МясДизайнДизайн;2013.01.24;3
Попрыгунчик для девочек 2311;МясРеч;2015.02.28;5
Попрыгунчик детский красный 1972;МясТрансМоторЛизинг;2019.07.05;14
Попрыгунчик детский 6029;Бух;2014.03.06;6
Попрыгунчик для собачек 3500;Креп;2017.05.01;5
Попрыгунчик для мальчиков 4791;Компания Монтаж;2015.01.17;15
Попрыгун 3016;ФинансТелеТверь;2018.04.14;7
Попрыгунчик детский красный 6591;Креп;2014.12.12;14
Попрыгунчик детский розовый 1657;ЮпитерЛенГараж-М;2015.03.28;16
Попрыгун 2299;ТелеГлавВекторСбыт;2017.11.24;15
Попрыгун 6412;CибПивОмскСнаб;2019.06.27;10
Попрыгунчик для девочек 3389;Асбоцемент;2014.06.04;2
Попрыгунчик детский 5117;Рем;2019.03.18;11
Попрыгунчик детский красный 1972;ТелеГлавВекторСбыт;2015.09.12;8
Попрыгунчик детский 1916;Цемент;2012.01.02;13
Попрыгунчик для собачек 4485;МясРеч;2011.02.01;12
Попрыгунчик для кошечек 4740;Гор;2016.10.07;17
Попрыгунчик для мальчиков 3929;КазЮпитерТомск;2017.06.07;1
Попрыгунчик детский 2071;Строй;2016.02.26;14
Попрыгунчик детский желтый 6678;Строй;2013.11.09;5
Попрыгунчик детский 6029;МясРеч;2015.07.01;14
Попрыгун 6882;СантехСеверЛенМашина;2015.08.27;6
Попрыгунчик для собачек 5754;Цемент;2013.08.27;15
Попрыгунчик для девочек 1895;Орион;2013.05.10;2
Попрыгунчик для собачек 4485;ВодГараж;2013.12.01;19
Попрыгун 3016;Компания ФинансСервис;2011.06.11;16
Попрыгунчик детский желтый 6678;Компания Гараж;2019.05.24;16
Попрыгун 6412;Строй;2017.04.02;1
Попрыгунчик детский 6888;РемСантехОмскБанк;2013.04.08;10
Попрыгунчик детский розовый 2694;Компания Монтаж;2019.08.16;20
Попрыгун 6412;РосАвтоМонтаж;2011.12.26;5
Попрыгунчик детский красный 3839;Компания Гараж;2016.07.19;19
Попрыгунчик детский розовый 5501;Монтаж;2014.03.17;1
Попрыгунчик детский красный 3240;ЦементАсбоцемент;2011.06.14;13
Попрыгунчик для девочек 3389;ЮпитерТяжОрионЭкспедиция;2017.05.20;13
Попрыгунчик детский красный 1289;ВодГараж;2010.04.13;6
Попрыгунчик детский красный 1289;ЦементАсбоцемент;2019.10.15;9
Попрыгунчик детский 5117;БашкирЮпитерТомск;2019.10.08;20
Попрыгунчик детский красный 3839;Компания МясДизайнДизайн;2018.04.08;8
Шар 2243;ЭлектроМоторТрансСнос;2012.06.14;2
Попрыгунчик детский желтый 1371;СтройГорНефть;2012.04.23;3
Попрыгунчик для девочек 6849;Орион;2015.08.17;6
Попрыгунчик для девочек 3389;Компания Монтаж;2016.09.14;7
Попрыгунчик для мальчиков 3929;ВодТверьХозМашина;2012.03.23;15
Шар 4124;БашкирФлотМотор-H;2010.11.17;5
Попрыгунчик детский 6029;ГазДизайнЖелДор;2016.11.17;13
Попрыгунчик детский розовый 5501;Гор;2010.05.03;19
Попрыгунчик детский желтый 6051;ЭлектроРемОрионЛизинг;2019.03.06;1
Попрыгунчик для собачек 4485;Компания ТелекомХмельГаражПром;2017.10.14;20
Попрыгунчик детский розовый 2694;РосАвтоМонтаж;2017.02.08;3
Попрыгунчик для девочек 2311;Компания Гараж;2017.08.02;3
Попрыгунчик детский розовый 5376;ФинансТелеТверь;2017.03.09;18
Попрыгунчик детский желтый 2582;Компания МясДизайнДизайн;2017.11.13;18
Попрыгунчик детский желтый 2582;ЭлектроМоторТрансСнос;2015.12.02;19
Попрыгунчик для мальчиков 3307;ГлавITФлотПроф;2011.06.14;19
Попрыгунчик детский красный 1289;Компания Хмель;2014.08.14;16
